"Longitude (x)","Latitude (y)","Station Name","Climate ID","Date/Time","Year","Month","Day","Data Quality","Max Temp (°C)","Max Temp Flag","Min Temp (°C)","Min Temp Flag","Mean Temp (°C)","Mean Temp Flag","Heat Deg Days (°C)","Heat Deg Days Flag","Cool Deg Days (°C)","Cool Deg Days Flag","Total Rain (mm)","Total Rain Flag","Total Snow (cm)","Total Snow Flag","Total Precip (mm)","Total Precip Flag","Snow on Grnd (cm)","Snow on Grnd Flag","Dir of Max Gust (10s deg)","Dir of Max Gust Flag","Spd of Max Gust (km/h)","Spd of Max Gust Flag"
"-94.20","72.02","FORT ROSS","2402051","2021-01-01","2021","01","01","","-25.7","","-31.2","","-28.4","","46.4","","0.0","","","","","","0.0","","26","","","M","","M"
"-94.20","72.02","FORT ROSS","2402051","2021-01-02","2021","01","02","","-27.6","","-30.6","","-29.1","","47.1","","0.0","","","","","","0.0","","26","","","M","","M"
"-94.20","72.02","FORT ROSS","2402051","2021-01-03","2021","01","03","","-28.7","","-33.2","","-31.0","","49.0","","0.0","","","","","","0.2","","26","","","M","","M"
"-94.20","72.02","FORT ROSS","2402051","2021-01-04","2021","01","04","","-30.3","","-34.9","","-32.6","","50.6","","0.0","","","","","","0.2","","25","","","M","","M"
"-94.20","72.02","FORT ROSS","2402051","2021-01-05","2021","01","05","","-33.8","","-37.7","","-35.8","","53.8","","0.0","","","","","","0.0","","25","","","M","","M"
"-94.20","72.02","FORT ROSS","2402051","2021-01-06","2021","01","06","","-25.0","","-37.7","","-31.4","","49.4","","0.0","","","","","","0.0","","25","","","M","","M"
"-94.20","72.02","FORT ROSS","2402051","2021-01-07","2021","01","07","","-16.1","","-25.0","","-20.6","","38.6","","0.0","","","","","","0.7","","26","","","M","","M"
"-94.20","72.02","FORT ROSS","2402051","2021-01-08","2021","01","08","","-15.6","","-20.6","","-18.1","","36.1","","0.0","","","","","","0.2","","26","","","M","","M"
"-94.20","72.02","FORT ROSS","2402051","2021-01-09","2021","01","09","","-17.1","","-23.0","","-20.1","","38.1","","0.0","","","","","","0.0","","26","","","M","","M"
"-94.20","72.02","FORT ROSS","2402051","2021-01-10","2021","01","10","","","M","","M","","M","","M","","M","","","","","","M","30","","","M","","M"
"-94.20","72.02","FORT ROSS","2402051","2021-01-11","2021","01","11","","-18.0","","-21.6","","-19.8","","37.8","","0.0","","","","","","0.2","","30","","","M","","M"
"-94.20","72.02","FORT ROSS","2402051","2021-01-12","2021","01","12","","-18.7","","-25.4","","-22.0","","40.0","","0.0","","","","","","0.0","","29","","","M","","M"
"-94.20","72.02","FORT ROSS","2402051","2021-01-13","2021","01","13","","-16.1","","-21.6","","-18.9","","36.9","","0.0","","","","","","0.2","","33","","","M","","M"
"-94.20","72.02","FORT ROSS","2402051","2021-01-14","2021","01","14","","-16.2","","-23.5","","-19.8","","37.8","","0.0","","","","","","0.0","","38","","","M","","M"
"-94.20","72.02","FORT ROSS","2402051","2021-01-15","2021","01","15","","-15.4","","-29.9","","-22.6","","40.6","","0.0","","","","","","0.2","","37","","","M","","M"
"-94.20","72.02","FORT ROSS","2402051","2021-01-16","2021","01","16","","-20.0","","-25.9","","-23.0","","41.0","","0.0","","","","","","0.0","","37","","","M","","M"
"-94.20","72.02","FORT ROSS","2402051","2021-01-17","2021","01","17","","-17.0","","-23.3","","-20.2","","38.2","","0.0","","","","","","0.0","","37","","","M","","M"
"-94.20","72.02","FORT ROSS","2402051","2021-01-18","2021","01","18","","-15.4","","-18.7","","-17.0","","35.0","","0.0","","","","","","0.0","","37","","","M","","M"
"-94.20","72.02","FORT ROSS","2402051","2021-01-19","2021","01","19","","-15.9","","-23.1","","-19.5","","37.5","","0.0","","","","","","0.0","","37","","","M","","M"
"-94.20","72.02","FORT ROSS","2402051","2021-01-20","2021","01","20","","","M","","M","","M","","M","","M","","","","","","M","37","","","M","","M"
"-94.20","72.02","FORT ROSS","2402051","2021-01-21","2021","01","21","","-12.8","","-25.7","","-19.2","","37.2","","0.0","","","","","","0.0","","41","","","M","","M"
"-94.20","72.02","FORT ROSS","2402051","2021-01-22","2021","01","22","","-10.4","","-26.7","","-18.5","","36.5","","0.0","","","","","","0.0","","37","","","M","","M"
"-94.20","72.02","FORT ROSS","2402051","2021-01-23","2021","01","23","","-6.2","","-23.6","","-14.9","","32.9","","0.0","","","","","","0.2","","37","","","M","","M"
"-94.20","72.02","FORT ROSS","2402051","2021-01-24","2021","01","24","","-20.0","","-30.0","","-25.0","","43.0","","0.0","","","","","","0.2","","36","","","M","","M"
"-94.20","72.02","FORT ROSS","2402051","2021-01-25","2021","01","25","","-20.6","","-28.3","","-24.4","","42.4","","0.0","","","","","","0.0","","36","","","M","","M"
"-94.20","72.02","FORT ROSS","2402051","2021-01-26","2021","01","26","","","M","","M","","M","","M","","M","","","","","","M","36","","","M","","M"
"-94.20","72.02","FORT ROSS","2402051","2021-01-27","2021","01","27","","-19.4","","-26.5","","-23.0","","41.0","","0.0","","","","","","0.0","","36","","","M","","M"
"-94.20","72.02","FORT ROSS","2402051","2021-01-28","2021","01","28","","-18.8","","-24.5","","-21.6","","39.6","","0.0","","","","","","0.0","","36","","","M","","M"
"-94.20","72.02","FORT ROSS","2402051","2021-01-29","2021","01","29","","-19.2","","-21.7","","-20.4","","38.4","","0.0","","","","","","0.7","","37","","","M","","M"
"-94.20","72.02","FORT ROSS","2402051","2021-01-30","2021","01","30","","-21.4","","-29.8","","-25.6","","43.6","","0.0","","","","","","0.2","","43","","","M","","M"
"-94.20","72.02","FORT ROSS","2402051","2021-01-31","2021","01","31","","-29.7","","-35.9","","-32.8","","50.8","","0.0","","","","","","1.1","","46","","","M","","M"
"-94.20","72.02","FORT ROSS","2402051","2021-02-01","2021","02","01","","-30.3","","-33.8","","-32.1","","50.1","","0.0","","","","","","0.3","","36","","","M","","M"
"-94.20","72.02","FORT ROSS","2402051","2021-02-02","2021","02","02","","","M","","M","","M","","M","","M","","","","","","M","36","","","M","","M"
"-94.20","72.02","FORT ROSS","2402051","2021-02-03","2021","02","03","","-35.8","","-39.2","","-37.5","","55.5","","0.0","","","","","","0.0","","36","","","M","","M"
"-94.20","72.02","FORT ROSS","2402051","2021-02-04","2021","02","04","","-34.6","","-38.4","","-36.5","","54.5","","0.0","","","","","","0.0","","36","","","M","","M"
"-94.20","72.02","FORT ROSS","2402051","2021-02-05","2021","02","05","","-28.5","","-37.5","","-33.0","","51.0","","0.0","","","","","","0.0","","36","","","M","","M"
"-94.20","72.02","FORT ROSS","2402051","2021-02-06","2021","02","06","","-24.7","","-29.0","","-26.8","","44.8","","0.0","","","","","","0.0","","36","","","M","","M"
"-94.20","72.02","FORT ROSS","2402051","2021-02-07","2021","02","07","","-13.5","","-24.9","","-19.2","","37.2","","0.0","","","","","","0.0","","36","","","M","","M"
"-94.20","72.02","FORT ROSS","2402051","2021-02-08","2021","02","08","","-14.9","","-18.7","","-16.8","","34.8","","0.0","","","","","","0.0","","36","","","M","","M"
"-94.20","72.02","FORT ROSS","2402051","2021-02-09","2021","02","09","","-12.0","","-18.5","","-15.3","","33.3","","0.0","","","","","","0.0","","36","","","M","","M"
"-94.20","72.02","FORT ROSS","2402051","2021-02-10","2021","02","10","","","M","","M","","M","","M","","M","","","","","","M","36","","","M","","M"
"-94.20","72.02","FORT ROSS","2402051","2021-02-11","2021","02","11","","-11.0","","-21.3","","-16.1","","34.1","","0.0","","","","","","0.0","","36","","","M","","M"
"-94.20","72.02","FORT ROSS","2402051","2021-02-12","2021","02","12","","-13.8","","-22.1","","-18.0","","36.0","","0.0","","","","","","1.0","","36","","","M","","M"
"-94.20","72.02","FORT ROSS","2402051","2021-02-13","2021","02","13","","-12.6","","-23.1","","-17.9","","35.9","","0.0","","","","","","2.7","","45","","","M","","M"
"-94.20","72.02","FORT ROSS","2402051","2021-02-14","2021","02","14","","","M","","M","","M","","M","","M","","","","","","M","38","","","M","","M"
"-94.20","72.02","FORT ROSS","2402051","2021-02-15","2021","02","15","","-24.3","","-37.1","","-30.7","","48.7","","0.0","","","","","","0.2","","36","","","M","","M"
"-94.20","72.02","FORT ROSS","2402051","2021-02-16","2021","02","16","","-36.0","","-39.1","","-37.6","","55.6","","0.0","","","","","","0.4","","36","","","M","","M"
"-94.20","72.02","FORT ROSS","2402051","2021-02-17","2021","02","17","","-34.3","","-38.7","","-36.5","","54.5","","0.0","","","","","","0.3","","36","","","M","","M"
"-94.20","72.02","FORT ROSS","2402051","2021-02-18","2021","02","18","","-35.1","","-42.2","","-38.6","","56.6","","0.0","","","","","","0.0","","36","","","M","","M"
"-94.20","72.02","FORT ROSS","2402051","2021-02-19","2021","02","19","","-39.0","","-43.2","","-41.1","","59.1","","0.0","","","","","","0.2","","36","","","M","","M"
"-94.20","72.02","FORT ROSS","2402051","2021-02-20","2021","02","20","","-33.2","","-39.6","","-36.4","","54.4","","0.0","","","","","","0.0","","35","","","M","","M"
"-94.20","72.02","FORT ROSS","2402051","2021-02-21","2021","02","21","","-30.2","","-36.5","","-33.3","","51.3","","0.0","","","","","","0.0","","36","","","M","","M"
"-94.20","72.02","FORT ROSS","2402051","2021-02-22","2021","02","22","","-25.9","","-32.5","","-29.2","","47.2","","0.0","","","","","","0.0","","36","","","M","","M"
"-94.20","72.02","FORT ROSS","2402051","2021-02-23","2021","02","23","","-26.0","","-34.8","","-30.4","","48.4","","0.0","","","","","","0.2","","36","","","M","","M"
"-94.20","72.02","FORT ROSS","2402051","2021-02-24","2021","02","24","","-34.5","","-41.6","","-38.1","","56.1","","0.0","","","","","","4.5","","36","","","M","","M"
"-94.20","72.02","FORT ROSS","2402051","2021-02-25","2021","02","25","","-37.0","","-41.5","","-39.2","","57.2","","0.0","","","","","","0.2","","74","","","M","","M"
"-94.20","72.02","FORT ROSS","2402051","2021-02-26","2021","02","26","","-26.3","","-41.0","","-33.6","","51.6","","0.0","","","","","","0.0","","74","","","M","","M"
"-94.20","72.02","FORT ROSS","2402051","2021-02-27","2021","02","27","","-24.5","","-30.6","","-27.5","","45.5","","0.0","","","","","","0.2","","74","","","M","","M"
"-94.20","72.02","FORT ROSS","2402051","2021-02-28","2021","02","28","","-24.0","","-35.4","","-29.7","","47.7","","0.0","","","","","","0.2","","74","","","M","","M"
"-94.20","72.02","FORT ROSS","2402051","2021-03-01","2021","03","01","","-23.0","","-36.2","","-29.6","","47.6","","0.0","","","","","","0.5","","74","","","M","","M"
"-94.20","72.02","FORT ROSS","2402051","2021-03-02","2021","03","02","","","M","","M","","M","","M","","M","","","","","","M","74","","","M","","M"
"-94.20","72.02","FORT ROSS","2402051","2021-03-03","2021","03","03","","-30.7","","-36.7","","-33.7","","51.7","","0.0","","","","","","2.5","","74","","","M","","M"
"-94.20","72.02","FORT ROSS","2402051","2021-03-04","2021","03","04","","","M","","M","","M","","M","","M","","","","","","M","74","","","M","","M"
"-94.20","72.02","FORT ROSS","2402051","2021-03-05","2021","03","05","","-27.9","","-34.1","","-31.0","","49.0","","0.0","","","","","","0.2","","74","","","M","","M"
"-94.20","72.02","FORT ROSS","2402051","2021-03-06","2021","03","06","","-21.7","","-32.8","","-27.2","","45.2","","0.0","","","","","","0.5","","74","","","M","","M"
"-94.20","72.02","FORT ROSS","2402051","2021-03-07","2021","03","07","","-16.5","","-21.7","","-19.1","","37.1","","0.0","","","","","","0.9","","74","","","M","","M"
"-94.20","72.02","FORT ROSS","2402051","2021-03-08","2021","03","08","","-17.1","","-21.3","","-19.2","","37.2","","0.0","","","","","","0.2","","74","","","M","","M"
"-94.20","72.02","FORT ROSS","2402051","2021-03-09","2021","03","09","","-19.0","","-25.1","","-22.0","","40.0","","0.0","","","","","","0.0","","74","","","M","","M"
"-94.20","72.02","FORT ROSS","2402051","2021-03-10","2021","03","10","","-20.1","","-26.5","","-23.3","","41.3","","0.0","","","","","","0.2","","74","","","M","","M"
"-94.20","72.02","FORT ROSS","2402051","2021-03-11","2021","03","11","","-23.2","","-27.9","","-25.5","","43.5","","0.0","","","","","","0.0","","74","","","M","","M"
"-94.20","72.02","FORT ROSS","2402051","2021-03-12","2021","03","12","","-16.3","","-24.9","","-20.6","","38.6","","0.0","","","","","","0.5","","74","","","M","","M"
"-94.20","72.02","FORT ROSS","2402051","2021-03-13","2021","03","13","","","M","","M","","M","","M","","M","","","","","","M","73","","","M","","M"
"-94.20","72.02","FORT ROSS","2402051","2021-03-14","2021","03","14","","-19.0","","-30.4","","-24.7","","42.7","","0.0","","","","","","3.5","","76","","","M","","M"
"-94.20","72.02","FORT ROSS","2402051","2021-03-15","2021","03","15","","-22.8","","-29.3","","-26.0","","44.0","","0.0","","","","","","1.6","","74","","","M","","M"
"-94.20","72.02","FORT ROSS","2402051","2021-03-16","2021","03","16","","-23.6","","-30.2","","-26.9","","44.9","","0.0","","","","","","","M","73","","","M","","M"
"-94.20","72.02","FORT ROSS","2402051","2021-03-17","2021","03","17","","","M","","M","","M","","M","","M","","","","","","M","73","","","M","","M"
"-94.20","72.02","FORT ROSS","2402051","2021-03-18","2021","03","18","","-27.4","","-31.2","","-29.3","","47.3","","0.0","","","","","","","M","73","","","M","","M"
"-94.20","72.02","FORT ROSS","2402051","2021-03-19","2021","03","19","","-28.1","","-33.1","","-30.6","","48.6","","0.0","","","","","","","M","73","","","M","","M"
"-94.20","72.02","FORT ROSS","2402051","2021-03-20","2021","03","20","","-27.6","","-31.7","","-29.7","","47.7","","0.0","","","","","","","M","73","","","M","","M"
"-94.20","72.02","FORT ROSS","2402051","2021-03-21","2021","03","21","","-27.1","","-32.0","","-29.5","","47.5","","0.0","","","","","","","M","73","","","M","","M"
"-94.20","72.02","FORT ROSS","2402051","2021-03-22","2021","03","22","","-24.9","","-31.4","","-28.1","","46.1","","0.0","","","","","","","M","73","","","M","","M"
"-94.20","72.02","FORT ROSS","2402051","2021-03-23","2021","03","23","","-21.5","","-29.3","","-25.4","","43.4","","0.0","","","","","","","M","73","","","M","","M"
"-94.20","72.02","FORT ROSS","2402051","2021-03-24","2021","03","24","","-21.7","","-30.4","","-26.1","","44.1","","0.0","","","","","","","M","73","","","M","","M"
"-94.20","72.02","FORT ROSS","2402051","2021-03-25","2021","03","25","","-18.2","","-25.9","","-22.1","","40.1","","0.0","","","","","","","M","73","","","M","","M"
"-94.20","72.02","FORT ROSS","2402051","2021-03-26","2021","03","26","","-20.0","","-23.8","","-21.9","","39.9","","0.0","","","","","","","M","73","","","M","","M"
"-94.20","72.02","FORT ROSS","2402051","2021-03-27","2021","03","27","","-21.2","","-29.5","","-25.4","","43.4","","0.0","","","","","","","M","73","","","M","","M"
"-94.20","72.02","FORT ROSS","2402051","2021-03-28","2021","03","28","","-28.7","","-33.0","","-30.9","","48.9","","0.0","","","","","","","M","73","","","M","","M"
"-94.20","72.02","FORT ROSS","2402051","2021-03-29","2021","03","29","","","M","","M","","M","","M","","M","","","","","","M","73","","","M","","M"
"-94.20","72.02","FORT ROSS","2402051","2021-03-30","2021","03","30","","","M","","M","","M","","M","","M","","","","","","M","73","","","M","","M"
"-94.20","72.02","FORT ROSS","2402051","2021-03-31","2021","03","31","","-28.9","","-34.9","","-31.9","","49.9","","0.0","","","","","","","M","73","","","M","","M"
"-94.20","72.02","FORT ROSS","2402051","2021-04-01","2021","04","01","","-32.0","","-35.0","","-33.5","","51.5","","0.0","","","","","","","M","73","","","M","","M"
"-94.20","72.02","FORT ROSS","2402051","2021-04-02","2021","04","02","","-26.4","","-33.0","","-29.7","","47.7","","0.0","","","","","","","M","73","","","M","","M"
"-94.20","72.02","FORT ROSS","2402051","2021-04-03","2021","04","03","","-18.3","","-33.7","","-26.0","","44.0","","0.0","","","","","","","M","73","","","M","","M"
"-94.20","72.02","FORT ROSS","2402051","2021-04-04","2021","04","04","","-14.4","","-18.4","","-16.4","","34.4","","0.0","","","","","","","M","73","","","M","","M"
"-94.20","72.02","FORT ROSS","2402051","2021-04-05","2021","04","05","","-15.4","","-19.8","","-17.6","","35.6","","0.0","","","","","","","M","73","","","M","","M"
"-94.20","72.02","FORT ROSS","2402051","2021-04-06","2021","04","06","","-17.1","","-22.9","","-20.0","","38.0","","0.0","","","","","","","M","73","","","M","","M"
"-94.20","72.02","FORT ROSS","2402051","2021-04-07","2021","04","07","","-14.7","","-22.9","","-18.8","","36.8","","0.0","","","","","","","M","72","","","M","","M"
"-94.20","72.02","FORT ROSS","2402051","2021-04-08","2021","04","08","","-16.8","","-24.3","","-20.5","","38.5","","0.0","","","","","","","M","72","","","M","","M"
"-94.20","72.02","FORT ROSS","2402051","2021-04-09","2021","04","09","","-10.7","","-18.2","","-14.5","","32.5","","0.0","","","","","","","M","73","","","M","","M"
"-94.20","72.02","FORT ROSS","2402051","2021-04-10","2021","04","10","","-12.6","","-17.6","","-15.1","","33.1","","0.0","","","","","","","M","74","","","M","","M"
"-94.20","72.02","FORT ROSS","2402051","2021-04-11","2021","04","11","","-13.5","","-23.7","","-18.6","","36.6","","0.0","","","","","","","M","73","","","M","","M"
"-94.20","72.02","FORT ROSS","2402051","2021-04-12","2021","04","12","","-19.8","","-24.5","","-22.1","","40.1","","0.0","","","","","","","M","73","","","M","","M"
"-94.20","72.02","FORT ROSS","2402051","2021-04-13","2021","04","13","","-20.9","","-26.6","","-23.8","","41.8","","0.0","","","","","","","M","73","","","M","","M"
"-94.20","72.02","FORT ROSS","2402051","2021-04-14","2021","04","14","","-18.0","","-27.8","","-22.9","","40.9","","0.0","","","","","","","M","72","","","M","","M"
"-94.20","72.02","FORT ROSS","2402051","2021-04-15","2021","04","15","","-16.3","","-26.3","","-21.3","","39.3","","0.0","","","","","","","M","73","","","M","","M"
"-94.20","72.02","FORT ROSS","2402051","2021-04-16","2021","04","16","","-8.2","","-20.1","","-14.2","","32.2","","0.0","","","","","","","M","72","","","M","","M"
"-94.20","72.02","FORT ROSS","2402051","2021-04-17","2021","04","17","","-11.3","","-19.4","","-15.4","","33.4","","0.0","","","","","","","M","73","","","M","","M"
"-94.20","72.02","FORT ROSS","2402051","2021-04-18","2021","04","18","","-10.6","","-16.4","","-13.5","","31.5","","0.0","","","","","","","M","73","","","M","","M"
"-94.20","72.02","FORT ROSS","2402051","2021-04-19","2021","04","19","","-10.3","","-17.7","","-14.0","","32.0","","0.0","","","","","","","M","73","","","M","","M"
"-94.20","72.02","FORT ROSS","2402051","2021-04-20","2021","04","20","","-14.1","","-19.9","","-17.0","","35.0","","0.0","","","","","","","M","73","","","M","","M"
"-94.20","72.02","FORT ROSS","2402051","2021-04-21","2021","04","21","","-15.4","","-23.1","","-19.2","","37.2","","0.0","","","","","","","M","","","","M","","M"
"-94.20","72.02","FORT ROSS","2402051","2021-04-22","2021","04","22","","-10.7","","-23.5","","-17.1","","35.1","","0.0","","","","","","","M","","","","M","","M"
"-94.20","72.02","FORT ROSS","2402051","2021-04-23","2021","04","23","","-13.4","","-23.1","","-18.3","","36.3","","0.0","","","","","","","M","","","","M","","M"
"-94.20","72.02","FORT ROSS","2402051","2021-04-24","2021","04","24","","","M","","M","","M","","M","","M","","","","","","M","","","","M","","M"
"-94.20","72.02","FORT ROSS","2402051","2021-04-25","2021","04","25","","-11.8","","-24.3","","-18.0","","36.0","","0.0","","","","","","","M","","","","M","","M"
"-94.20","72.02","FORT ROSS","2402051","2021-04-26","2021","04","26","","-1.8","","-14.3","","-8.1","","26.1","","0.0","","","","","","","M","","","","M","","M"
"-94.20","72.02","FORT ROSS","2402051","2021-04-27","2021","04","27","","-1.7","","-17.4","","-9.6","","27.6","","0.0","","","","","","","M","","","","M","","M"
"-94.20","72.02","FORT ROSS","2402051","2021-04-28","2021","04","28","","-7.2","","-19.6","","-13.4","","31.4","","0.0","","","","","","","M","","","","M","","M"
"-94.20","72.02","FORT ROSS","2402051","2021-04-29","2021","04","29","","-5.1","","-17.4","","-11.2","","29.2","","0.0","","","","","","","M","","","","M","","M"
"-94.20","72.02","FORT ROSS","2402051","2021-04-30","2021","04","30","","-7.8","","-23.1","","-15.4","","33.4","","0.0","","","","","","","M","","","","M","","M"
"-94.20","72.02","FORT ROSS","2402051","2021-05-01","2021","05","01","","-4.0","","-11.3","","-7.7","","25.7","","0.0","","","","","","","M","","","","M","","M"
"-94.20","72.02","FORT ROSS","2402051","2021-05-02","2021","05","02","","-2.0","","-10.3","","-6.1","","24.1","","0.0","","","","","","","M","","","","M","","M"
"-94.20","72.02","FORT ROSS","2402051","2021-05-03","2021","05","03","","2.5","","-8.8","","-3.2","","21.2","","0.0","","","","","","","M","","","","M","","M"
"-94.20","72.02","FORT ROSS","2402051","2021-05-04","2021","05","04","","-0.7","","-10.4","","-5.6","","23.6","","0.0","","","","","","","M","","","","M","","M"
"-94.20","72.02","FORT ROSS","2402051","2021-05-05","2021","05","05","","-2.6","","-9.0","","-5.8","","23.8","","0.0","","","","","","","M","","","","M","","M"
"-94.20","72.02","FORT ROSS","2402051","2021-05-06","2021","05","06","","-0.7","","-5.8","","-3.2","","21.2","","0.0","","","","","","","M","","","","M","","M"
"-94.20","72.02","FORT ROSS","2402051","2021-05-07","2021","05","07","","-3.0","","-7.9","","-5.5","","23.5","","0.0","","","","","","","M","","","","M","","M"
"-94.20","72.02","FORT ROSS","2402051","2021-05-08","2021","05","08","","-6.5","","-11.3","","-8.9","","26.9","","0.0","","","","","","","M","","","","M","","M"
"-94.20","72.02","FORT ROSS","2402051","2021-05-09","2021","05","09","","-10.2","","-16.5","","-13.3","","31.3","","0.0","","","","","","","M","","","","M","","M"
"-94.20","72.02","FORT ROSS","2402051","2021-05-10","2021","05","10","","-10.2","","-17.9","","-14.0","","32.0","","0.0","","","","","","","M","","","","M","","M"
"-94.20","72.02","FORT ROSS","2402051","2021-05-11","2021","05","11","","-6.3","","-19.2","","-12.8","","30.8","","0.0","","","","","","","M","","","","M","","M"
"-94.20","72.02","FORT ROSS","2402051","2021-05-12","2021","05","12","","-12.9","","-19.1","","-16.0","","34.0","","0.0","","","","","","","M","","","","M","","M"
"-94.20","72.02","FORT ROSS","2402051","2021-05-13","2021","05","13","","-11.8","","-19.3","","-15.6","","33.6","","0.0","","","","","","","M","","","","M","","M"
"-94.20","72.02","FORT ROSS","2402051","2021-05-14","2021","05","14","","-8.6","","-14.0","","-11.3","","29.3","","0.0","","","","","","","M","","","","M","","M"
"-94.20","72.02","FORT ROSS","2402051","2021-05-15","2021","05","15","","","M","","M","","M","","M","","M","","","","","","M","","","","M","","M"
"-94.20","72.02","FORT ROSS","2402051","2021-05-16","2021","05","16","","-6.3","","-15.7","","-11.0","","29.0","","0.0","","","","","","","M","","","","M","","M"
"-94.20","72.02","FORT ROSS","2402051","2021-05-17","2021","05","17","","-9.6","","-16.2","","-12.9","","30.9","","0.0","","","","","","","M","","","","M","","M"
"-94.20","72.02","FORT ROSS","2402051","2021-05-18","2021","05","18","","-6.8","","-16.0","","-11.4","","29.4","","0.0","","","","","","","M","","","","M","","M"
"-94.20","72.02","FORT ROSS","2402051","2021-05-19","2021","05","19","","-5.9","","-12.0","","-8.9","","26.9","","0.0","","","","","","","M","","","","M","","M"
"-94.20","72.02","FORT ROSS","2402051","2021-05-20","2021","05","20","","-7.9","","-13.6","","-10.7","","28.7","","0.0","","","","","","","M","","","","M","","M"
"-94.20","72.02","FORT ROSS","2402051","2021-05-21","2021","05","21","","-3.8","","-13.1","","-8.4","","26.4","","0.0","","","","","","","M","","","","M","","M"
"-94.20","72.02","FORT ROSS","2402051","2021-05-22","2021","05","22","","-4.8","","-7.9","","-6.4","","24.4","","0.0","","","","","","","M","","","","M","","M"
"-94.20","72.02","FORT ROSS","2402051","2021-05-23","2021","05","23","","-3.4","","-8.0","","-5.7","","23.7","","0.0","","","","","","","M","","","","M","","M"
"-94.20","72.02","FORT ROSS","2402051","2021-05-24","2021","05","24","","0.9","","-6.6","","-2.8","","20.8","","0.0","","","","","","","M","","","","M","","M"
"-94.20","72.02","FORT ROSS","2402051","2021-05-25","2021","05","25","","1.0","","-7.2","","-3.1","","21.1","","0.0","","","","","","","M","","","","M","","M"
"-94.20","72.02","FORT ROSS","2402051","2021-05-26","2021","05","26","","-0.1","","-5.1","","-2.6","","20.6","","0.0","","","","","","","M","","","","M","","M"
"-94.20","72.02","FORT ROSS","2402051","2021-05-27","2021","05","27","","0.8","","-6.1","","-2.6","","20.6","","0.0","","","","","","","M","","","","M","","M"
"-94.20","72.02","FORT ROSS","2402051","2021-05-28","2021","05","28","","1.4","","-7.0","","-2.8","","20.8","","0.0","","","","","","","M","","","","M","","M"
"-94.20","72.02","FORT ROSS","2402051","2021-05-29","2021","05","29","","1.9","","-10.4","","-4.2","","22.2","","0.0","","","","","","","M","","","","M","","M"
"-94.20","72.02","FORT ROSS","2402051","2021-05-30","2021","05","30","","-2.0","","-8.0","","-5.0","","23.0","","0.0","","","","","","","M","","","","M","","M"
"-94.20","72.02","FORT ROSS","2402051","2021-05-31","2021","05","31","","-3.8","","-6.8","","-5.3","","23.3","","0.0","","","","","","","M","","","","M","","M"
"-94.20","72.02","FORT ROSS","2402051","2021-06-01","2021","06","01","","-2.1","","-6.9","","-4.5","","22.5","","0.0","","","","","","","M","","","","M","","M"
"-94.20","72.02","FORT ROSS","2402051","2021-06-02","2021","06","02","","2.4","","-5.2","","-1.4","","19.4","","0.0","","","","","","","M","","","","M","","M"
"-94.20","72.02","FORT ROSS","2402051","2021-06-03","2021","06","03","","-0.2","","-5.9","","-3.1","","21.1","","0.0","","","","","","","M","","","","M","","M"
"-94.20","72.02","FORT ROSS","2402051","2021-06-04","2021","06","04","","-0.2","","-3.5","","-1.9","","19.9","","0.0","","","","","","","M","","","","M","","M"
"-94.20","72.02","FORT ROSS","2402051","2021-06-05","2021","06","05","","-0.3","","-2.3","","-1.3","","19.3","","0.0","","","","","","","M","","","","M","","M"
"-94.20","72.02","FORT ROSS","2402051","2021-06-06","2021","06","06","","3.6","","-1.0","","1.3","","16.7","","0.0","","","","","","","M","","","","M","","M"
"-94.20","72.02","FORT ROSS","2402051","2021-06-07","2021","06","07","","3.2","","-0.9","","1.2","","16.8","","0.0","","","","","","","M","","","","M","","M"
"-94.20","72.02","FORT ROSS","2402051","2021-06-08","2021","06","08","","6.7","","-1.5","","2.6","","15.4","","0.0","","","","","","","M","","","","M","","M"
"-94.20","72.02","FORT ROSS","2402051","2021-06-09","2021","06","09","","5.0","","-0.3","","2.3","","15.7","","0.0","","","","","","","M","","","","M","","M"
"-94.20","72.02","FORT ROSS","2402051","2021-06-10","2021","06","10","","1.5","","-2.9","","-0.7","","18.7","","0.0","","","","","","","M","","","","M","","M"
"-94.20","72.02","FORT ROSS","2402051","2021-06-11","2021","06","11","","6.6","","-3.6","","1.5","","16.5","","0.0","","","","","","","M","","","","M","","M"
"-94.20","72.02","FORT ROSS","2402051","2021-06-12","2021","06","12","","8.4","","-0.6","","3.9","","14.1","","0.0","","","","","","","M","","","","M","","M"
"-94.20","72.02","FORT ROSS","2402051","2021-06-13","2021","06","13","","7.7","","0.5","","4.1","","13.9","","0.0","","","","","","","M","","","","M","","M"
"-94.20","72.02","FORT ROSS","2402051","2021-06-14","2021","06","14","","6.7","","0.3","","3.5","","14.5","","0.0","","","","","","","M","","","","M","","M"
"-94.20","72.02","FORT ROSS","2402051","2021-06-15","2021","06","15","","","M","","M","","M","","M","","M","","","","","","M","","","","M","","M"
"-94.20","72.02","FORT ROSS","2402051","2021-06-16","2021","06","16","","4.7","","0.5","","2.6","","15.4","","0.0","","","","","","","M","","","","M","","M"
"-94.20","72.02","FORT ROSS","2402051","2021-06-17","2021","06","17","","2.5","","-0.6","","0.9","","17.1","","0.0","","","","","","","M","","","","M","","M"
"-94.20","72.02","FORT ROSS","2402051","2021-06-18","2021","06","18","","2.4","","-1.0","","0.7","","17.3","","0.0","","","","","","","M","","","","M","","M"
"-94.20","72.02","FORT ROSS","2402051","2021-06-19","2021","06","19","","5.8","","-0.2","","2.8","","15.2","","0.0","","","","","","","M","","","","M","","M"
"-94.20","72.02","FORT ROSS","2402051","2021-06-20","2021","06","20","","6.6","","2.3","","4.5","","13.5","","0.0","","","","","","","M","","","","M","","M"
"-94.20","72.02","FORT ROSS","2402051","2021-06-21","2021","06","21","","6.4","","1.1","","3.8","","14.2","","0.0","","","","","","","M","","","","M","","M"
"-94.20","72.02","FORT ROSS","2402051","2021-06-22","2021","06","22","","2.7","","0.3","","1.5","","16.5","","0.0","","","","","","","M","","","","M","","M"
"-94.20","72.02","FORT ROSS","2402051","2021-06-23","2021","06","23","","3.8","","0.4","","2.1","","15.9","","0.0","","","","","","","M","","","","M","","M"
"-94.20","72.02","FORT ROSS","2402051","2021-06-24","2021","06","24","","4.8","","0.7","","2.8","","15.2","","0.0","","","","","","","M","","","","M","","M"
"-94.20","72.02","FORT ROSS","2402051","2021-06-25","2021","06","25","","2.9","","0.5","","1.7","","16.3","","0.0","","","","","","","M","","","","M","","M"
"-94.20","72.02","FORT ROSS","2402051","2021-06-26","2021","06","26","","9.7","","1.0","","5.3","","12.7","","0.0","","","","","","","M","","","","M","","M"
"-94.20","72.02","FORT ROSS","2402051","2021-06-27","2021","06","27","","6.6","","2.4","","4.5","","13.5","","0.0","","","","","","","M","","","","M","","M"
"-94.20","72.02","FORT ROSS","2402051","2021-06-28","2021","06","28","","4.9","","1.3","","3.1","","14.9","","0.0","","","","","","","M","","","","M","","M"
"-94.20","72.02","FORT ROSS","2402051","2021-06-29","2021","06","29","","8.7","","2.2","","5.5","","12.5","","0.0","","","","","","","M","","","","M","","M"
"-94.20","72.02","FORT ROSS","2402051","2021-06-30","2021","06","30","","7.6","","2.1","","4.9","","13.1","","0.0","","","","","","","M","","","","M","","M"
"-94.20","72.02","FORT ROSS","2402051","2021-07-01","2021","07","01","","4.7","","1.3","","3.0","","15.0","","0.0","","","","","","","M","","","","M","","M"
"-94.20","72.02","FORT ROSS","2402051","2021-07-02","2021","07","02","","","M","","M","","M","","M","","M","","","","","","M","","","","M","","M"
"-94.20","72.02","FORT ROSS","2402051","2021-07-03","2021","07","03","","","M","","M","","M","","M","","M","","","","","","M","","","","M","","M"
"-94.20","72.02","FORT ROSS","2402051","2021-07-04","2021","07","04","","5.2","","1.5","","3.4","","14.6","","0.0","","","","","","","M","","","","M","","M"
"-94.20","72.02","FORT ROSS","2402051","2021-07-05","2021","07","05","","11.7","","2.3","","7.0","","11.0","","0.0","","","","","","","M","","","","M","","M"
"-94.20","72.02","FORT ROSS","2402051","2021-07-06","2021","07","06","","13.1","","3.2","","8.1","","9.9","","0.0","","","","","","","M","","","","M","","M"
"-94.20","72.02","FORT ROSS","2402051","2021-07-07","2021","07","07","","11.2","","4.2","","7.7","","10.3","","0.0","","","","","","","M","","","","M","","M"
"-94.20","72.02","FORT ROSS","2402051","2021-07-08","2021","07","08","","9.9","","4.0","","6.9","","11.1","","0.0","","","","","","","M","","","","M","","M"
"-94.20","72.02","FORT ROSS","2402051","2021-07-09","2021","07","09","","6.0","","2.4","","4.2","","13.8","","0.0","","","","","","","M","","","","M","","M"
"-94.20","72.02","FORT ROSS","2402051","2021-07-10","2021","07","10","","5.3","","1.6","","3.4","","14.6","","0.0","","","","","","","M","","","","M","","M"
"-94.20","72.02","FORT ROSS","2402051","2021-07-11","2021","07","11","","9.5","","1.6","","5.5","","12.5","","0.0","","","","","","","M","","","","M","","M"
"-94.20","72.02","FORT ROSS","2402051","2021-07-12","2021","07","12","","11.0","","0.5","","5.8","","12.2","","0.0","","","","","","","M","","","","M","","M"
"-94.20","72.02","FORT ROSS","2402051","2021-07-13","2021","07","13","","4.6","","1.3","","3.0","","15.0","","0.0","","","","","","","M","","","","M","","M"
"-94.20","72.02","FORT ROSS","2402051","2021-07-14","2021","07","14","","","M","","M","","M","","M","","M","","","","","","M","","","","M","","M"
"-94.20","72.02","FORT ROSS","2402051","2021-07-15","2021","07","15","","4.9","","-0.8","","2.0","","16.0","","0.0","","","","","","","M","","","","M","","M"
"-94.20","72.02","FORT ROSS","2402051","2021-07-16","2021","07","16","","4.7","","-1.3","","1.7","","16.3","","0.0","","","","","","","M","","","","M","","M"
"-94.20","72.02","FORT ROSS","2402051","2021-07-17","2021","07","17","","7.8","","1.4","","4.6","","13.4","","0.0","","","","","","","M","","","","M","","M"
"-94.20","72.02","FORT ROSS","2402051","2021-07-18","2021","07","18","","7.4","","0.7","","4.1","","13.9","","0.0","","","","","","","M","","","","M","","M"
"-94.20","72.02","FORT ROSS","2402051","2021-07-19","2021","07","19","","8.6","","3.6","","6.1","","11.9","","0.0","","","","","","","M","","","","M","","M"
"-94.20","72.02","FORT ROSS","2402051","2021-07-20","2021","07","20","","8.8","","2.0","","5.4","","12.6","","0.0","","","","","","","M","","","","M","","M"
"-94.20","72.02","FORT ROSS","2402051","2021-07-21","2021","07","21","","","M","","M","","M","","M","","M","","","","","","M","","","","M","","M"
"-94.20","72.02","FORT ROSS","2402051","2021-07-22","2021","07","22","","","M","","M","","M","","M","","M","","","","","","M","","","","M","","M"
"-94.20","72.02","FORT ROSS","2402051","2021-07-23","2021","07","23","","6.1","","3.4","","4.7","","13.3","","0.0","","","","","","","M","","","","M","","M"
"-94.20","72.02","FORT ROSS","2402051","2021-07-24","2021","07","24","","9.0","","5.5","","7.3","","10.7","","0.0","","","","","","","M","","","","M","","M"
"-94.20","72.02","FORT ROSS","2402051","2021-07-25","2021","07","25","","7.7","","3.0","","5.4","","12.6","","0.0","","","","","","","M","","","","M","","M"
"-94.20","72.02","FORT ROSS","2402051","2021-07-26","2021","07","26","","3.9","","2.7","","3.3","","14.7","","0.0","","","","","","","M","","","","M","","M"
"-94.20","72.02","FORT ROSS","2402051","2021-07-27","2021","07","27","","4.1","","0.6","","2.3","","15.7","","0.0","","","","","","","M","","","","M","","M"
"-94.20","72.02","FORT ROSS","2402051","2021-07-28","2021","07","28","","6.3","","0.4","","3.3","","14.7","","0.0","","","","","","","M","","","","M","","M"
"-94.20","72.02","FORT ROSS","2402051","2021-07-29","2021","07","29","","7.7","","2.4","","5.0","","13.0","","0.0","","","","","","","M","","","","M","","M"
"-94.20","72.02","FORT ROSS","2402051","2021-07-30","2021","07","30","","5.3","","2.4","","3.9","","14.1","","0.0","","","","","","","M","","","","M","","M"
"-94.20","72.02","FORT ROSS","2402051","2021-07-31","2021","07","31","","7.1","","1.6","","4.4","","13.6","","0.0","","","","","","","M","","","","M","","M"
"-94.20","72.02","FORT ROSS","2402051","2021-08-01","2021","08","01","","10.0","","1.5","","5.8","","12.2","","0.0","","","","","","","M","","","","M","","M"
"-94.20","72.02","FORT ROSS","2402051","2021-08-02","2021","08","02","","7.7","","2.2","","5.0","","13.0","","0.0","","","","","","","M","","","","M","","M"
"-94.20","72.02","FORT ROSS","2402051","2021-08-03","2021","08","03","","","M","","M","","M","","M","","M","","","","","","M","","","","M","","M"
"-94.20","72.02","FORT ROSS","2402051","2021-08-04","2021","08","04","","7.7","","3.9","","5.8","","12.2","","0.0","","","","","","0.0","","","","35","","53",""
"-94.20","72.02","FORT ROSS","2402051","2021-08-05","2021","08","05","","","M","","M","","M","","M","","M","","","","","","M","","","","M","","M"
"-94.20","72.02","FORT ROSS","2402051","2021-08-06","2021","08","06","","","M","","M","","M","","M","","M","","","","","","M","","","","M","","M"
"-94.20","72.02","FORT ROSS","2402051","2021-08-07","2021","08","07","","6.5","","3.0","","4.7","","13.3","","0.0","","","","","","6.9","","","","2","","33",""
"-94.20","72.02","FORT ROSS","2402051","2021-08-08","2021","08","08","","7.7","","3.1","","5.4","","12.6","","0.0","","","","","","2.5","","","","2","","56",""
"-94.20","72.02","FORT ROSS","2402051","2021-08-09","2021","08","09","","7.5","","3.9","","5.7","","12.3","","0.0","","","","","","0.0","","","","2","","49",""
"-94.20","72.02","FORT ROSS","2402051","2021-08-10","2021","08","10","","5.4","","3.0","","4.2","","13.8","","0.0","","","","","","1.0","","","","1","","33",""
"-94.20","72.02","FORT ROSS","2402051","2021-08-11","2021","08","11","","","M","","M","","M","","M","","M","","","","","","M","","","","M","","M"
"-94.20","72.02","FORT ROSS","2402051","2021-08-12","2021","08","12","","5.7","","2.8","","4.3","","13.7","","0.0","","","","","","0.0","","","","2","","46",""
"-94.20","72.02","FORT ROSS","2402051","2021-08-13","2021","08","13","","","M","","M","","M","","M","","M","","","","","","M","","","","M","","M"
"-94.20","72.02","FORT ROSS","2402051","2021-08-14","2021","08","14","","9.1","","5.1","","7.1","","10.9","","0.0","","","","","","0.0","","","","36","","62",""
"-94.20","72.02","FORT ROSS","2402051","2021-08-15","2021","08","15","","7.8","","1.2","","4.5","","13.5","","0.0","","","","","","0.0","","","","33","","31",""
"-94.20","72.02","FORT ROSS","2402051","2021-08-16","2021","08","16","","5.0","","-0.1","","2.4","","15.6","","0.0","","","","","","0.0","","","","","","",""
"-94.20","72.02","FORT ROSS","2402051","2021-08-17","2021","08","17","","","M","","M","","M","","M","","M","","","","","","M","","","","M","","M"
"-94.20","72.02","FORT ROSS","2402051","2021-08-18","2021","08","18","","6.6","","0.7","","3.6","","14.4","","0.0","","","","","","0.0","","","","","","",""
"-94.20","72.02","FORT ROSS","2402051","2021-08-19","2021","08","19","","10.7","","3.1","","6.9","","11.1","","0.0","","","","","","0.5","","","","25","","45",""
"-94.20","72.02","FORT ROSS","2402051","2021-08-20","2021","08","20","","6.0","","0.4","","3.2","","14.8","","0.0","","","","","","0.0","","","","25","","41",""
"-94.20","72.02","FORT ROSS","2402051","2021-08-21","2021","08","21","","4.6","","0.5","","2.5","","15.5","","0.0","","","","","","0.0","","","","","","",""
"-94.20","72.02","FORT ROSS","2402051","2021-08-22","2021","08","22","","8.2","","1.6","","4.9","","13.1","","0.0","","","","","","0.0","","","","","","",""
"-94.20","72.02","FORT ROSS","2402051","2021-08-23","2021","08","23","","6.7","","1.3","","4.0","","14.0","","0.0","","","","","","0.0","","","","","","",""
"-94.20","72.02","FORT ROSS","2402051","2021-08-24","2021","08","24","","10.7","","1.3","","6.0","","12.0","","0.0","","","","","","0.0","","","","25","","36",""
"-94.20","72.02","FORT ROSS","2402051","2021-08-25","2021","08","25","","5.3","","0.7","","3.0","","15.0","","0.0","","","","","","0.0","","","","27","","44",""
"-94.20","72.02","FORT ROSS","2402051","2021-08-26","2021","08","26","","5.0","","-0.6","","2.2","","15.8","","0.0","","","","","","0.0","","","","","","",""
"-94.20","72.02","FORT ROSS","2402051","2021-08-27","2021","08","27","","6.0","","-0.4","","2.8","","15.2","","0.0","","","","","","0.0","","","","","","",""
"-94.20","72.02","FORT ROSS","2402051","2021-08-28","2021","08","28","","7.8","","0.1","","3.9","","14.1","","0.0","","","","","","0.0","","","","","","",""
"-94.20","72.02","FORT ROSS","2402051","2021-08-29","2021","08","29","","6.6","","0.7","","3.7","","14.3","","0.0","","","","","","0.0","","","","","","",""
"-94.20","72.02","FORT ROSS","2402051","2021-08-30","2021","08","30","","","M","","M","","M","","M","","M","","","","","","M","","","","M","","M"
"-94.20","72.02","FORT ROSS","2402051","2021-08-31","2021","08","31","","4.0","","0.7","","2.4","","15.6","","0.0","","","","","","0.0","","","","","","",""
"-94.20","72.02","FORT ROSS","2402051","2021-09-01","2021","09","01","","5.0","","0.1","","2.5","","15.5","","0.0","","","","","","0.4","","","","","","",""
"-94.20","72.02","FORT ROSS","2402051","2021-09-02","2021","09","02","","6.1","","1.4","","3.7","","14.3","","0.0","","","","","","0.0","","","","25","","33",""
"-94.20","72.02","FORT ROSS","2402051","2021-09-03","2021","09","03","","3.5","","-1.0","","1.3","","16.7","","0.0","","","","","","0.0","","","","24","","44",""
"-94.20","72.02","FORT ROSS","2402051","2021-09-04","2021","09","04","","-0.1","","-2.3","","-1.2","","19.2","","0.0","","","","","","1.6","","","","5","","41",""
"-94.20","72.02","FORT ROSS","2402051","2021-09-05","2021","09","05","","-1.5","","-3.1","","-2.3","","20.3","","0.0","","","","","","0.0","","7","","5","","45",""
"-94.20","72.02","FORT ROSS","2402051","2021-09-06","2021","09","06","","0.1","","-3.5","","-1.7","","19.7","","0.0","","","","","","0.0","","6","","","","",""
"-94.20","72.02","FORT ROSS","2402051","2021-09-07","2021","09","07","","0.3","","-4.2","","-1.9","","19.9","","0.0","","","","","","0.0","","6","","","","",""
"-94.20","72.02","FORT ROSS","2402051","2021-09-08","2021","09","08","","-1.3","","-4.1","","-2.7","","20.7","","0.0","","","","","","0.0","","5","","4","","32",""
"-94.20","72.02","FORT ROSS","2402051","2021-09-09","2021","09","09","","-0.6","","-3.4","","-2.0","","20.0","","0.0","","","","","","0.0","","6","","3","","38",""
"-94.20","72.02","FORT ROSS","2402051","2021-09-10","2021","09","10","","-0.3","","-2.0","","-1.1","","19.1","","0.0","","","","","","0.0","","6","","2","","41",""
"-94.20","72.02","FORT ROSS","2402051","2021-09-11","2021","09","11","","0.8","","-1.7","","-0.5","","18.5","","0.0","","","","","","0.0","","6","","","","",""
"-94.20","72.02","FORT ROSS","2402051","2021-09-12","2021","09","12","","-1.3","","-5.1","","-3.2","","21.2","","0.0","","","","","","0.0","","6","","28","","40",""
"-94.20","72.02","FORT ROSS","2402051","2021-09-13","2021","09","13","","","M","","M","","M","","M","","M","","","","","","M","6","","","M","","M"
"-94.20","72.02","FORT ROSS","2402051","2021-09-14","2021","09","14","","-2.9","","-5.3","","-4.1","","22.1","","0.0","","","","","","0.0","","5","","","","",""
"-94.20","72.02","FORT ROSS","2402051","2021-09-15","2021","09","15","","-3.1","","-4.9","","-4.0","","22.0","","0.0","","","","","","0.4","","4","","","","",""
"-94.20","72.02","FORT ROSS","2402051","2021-09-16","2021","09","16","","-3.1","","-5.8","","-4.5","","22.5","","0.0","","","","","","0.2","","5","","","","",""
"-94.20","72.02","FORT ROSS","2402051","2021-09-17","2021","09","17","","-0.5","","-6.3","","-3.4","","21.4","","0.0","","","","","","0.2","","6","","","","",""
"-94.20","72.02","FORT ROSS","2402051","2021-09-18","2021","09","18","","0.1","","-2.7","","-1.3","","19.3","","0.0","","","","","","0.0","","6","","26","","40",""
"-94.20","72.02","FORT ROSS","2402051","2021-09-19","2021","09","19","","-0.9","","-4.3","","-2.6","","20.6","","0.0","","","","","","0.0","","6","","26","","73",""
"-94.20","72.02","FORT ROSS","2402051","2021-09-20","2021","09","20","","-1.0","","-3.1","","-2.0","","20.0","","0.0","","","","","","0.0","","2","","26","","55",""
"-94.20","72.02","FORT ROSS","2402051","2021-09-21","2021","09","21","","-0.5","","-2.5","","-1.5","","19.5","","0.0","","","","","","0.0","","2","","","","",""
"-94.20","72.02","FORT ROSS","2402051","2021-09-22","2021","09","22","","-1.1","","-4.4","","-2.7","","20.7","","0.0","","","","","","0.0","","2","","","","",""
"-94.20","72.02","FORT ROSS","2402051","2021-09-23","2021","09","23","","2.6","","-5.8","","-1.6","","19.6","","0.0","","","","","","0.0","","2","","25","","35",""
"-94.20","72.02","FORT ROSS","2402051","2021-09-24","2021","09","24","","","M","","M","","M","","M","","M","","","","","","M","2","","","M","","M"
"-94.20","72.02","FORT ROSS","2402051","2021-09-25","2021","09","25","","-0.1","","-3.6","","-1.8","","19.8","","0.0","","","","","","1.2","","2","","10","","38",""
"-94.20","72.02","FORT ROSS","2402051","2021-09-26","2021","09","26","","0.3","","-0.8","","-0.3","","18.3","","0.0","","","","","","1.7","","6","","7","","48",""
"-94.20","72.02","FORT ROSS","2402051","2021-09-27","2021","09","27","","0.8","","-1.9","","-0.5","","18.5","","0.0","","","","","","1.9","","20","","8","","46",""
"-94.20","72.02","FORT ROSS","2402051","2021-09-28","2021","09","28","","0.3","","-5.2","","-2.4","","20.4","","0.0","","","","","","0.2","","19","","24","","35",""
"-94.20","72.02","FORT ROSS","2402051","2021-09-29","2021","09","29","","0.2","","-4.4","","-2.1","","20.1","","0.0","","","","","","3.7","","18","","14","","59",""
"-94.20","72.02","FORT ROSS","2402051","2021-09-30","2021","09","30","","1.6","","-2.3","","-0.4","","18.4","","0.0","","","","","","5.3","","27","","25","","52",""
"-94.20","72.02","FORT ROSS","2402051","2021-10-01","2021","10","01","","0.1","","-1.9","","-0.9","","18.9","","0.0","","","","","","3.6","","23","","","","",""
"-94.20","72.02","FORT ROSS","2402051","2021-10-02","2021","10","02","","1.0","","-0.1","","0.4","","17.6","","0.0","","","","","","2.7","","21","","","","",""
"-94.20","72.02","FORT ROSS","2402051","2021-10-03","2021","10","03","","2.4","","-0.4","","1.0","","17.0","","0.0","","","","","","0.3","","19","","24","","33",""
"-94.20","72.02","FORT ROSS","2402051","2021-10-04","2021","10","04","","0.0","","-0.6","","-0.3","","18.3","","0.0","","","","","","1.8","","21","","4","","36",""
"-94.20","72.02","FORT ROSS","2402051","2021-10-05","2021","10","05","","-0.1","","-0.9","","-0.5","","18.5","","0.0","","","","","","0.9","","21","","","","",""
"-94.20","72.02","FORT ROSS","2402051","2021-10-06","2021","10","06","","0.1","","-2.7","","-1.3","","19.3","","0.0","","","","","","0.0","","19","","25","","51",""
"-94.20","72.02","FORT ROSS","2402051","2021-10-07","2021","10","07","","-1.8","","-8.2","","-5.0","","23.0","","0.0","","","","","","0.0","","21","","27","","53",""
"-94.20","72.02","FORT ROSS","2402051","2021-10-08","2021","10","08","","","M","","M","","M","","M","","M","","","","","","M","21","","","M","","M"
"-94.20","72.02","FORT ROSS","2402051","2021-10-09","2021","10","09","","-0.1","","-2.5","","-1.3","","19.3","","0.0","","","","","","1.2","","21","","","","",""
"-94.20","72.02","FORT ROSS","2402051","2021-10-10","2021","10","10","","-2.4","","-7.0","","-4.7","","22.7","","0.0","","","","","","0.4","","23","","","","",""
"-94.20","72.02","FORT ROSS","2402051","2021-10-11","2021","10","11","","-0.7","","-5.3","","-3.0","","21.0","","0.0","","","","","","0.3","","21","","34","","34",""
"-94.20","72.02","FORT ROSS","2402051","2021-10-12","2021","10","12","","-2.2","","-7.4","","-4.8","","22.8","","0.0","","","","","","1.2","","21","","","","",""
"-94.20","72.02","FORT ROSS","2402051","2021-10-13","2021","10","13","","","M","","M","","M","","M","","M","","","","","","M","21","","","M","","M"
"-94.20","72.02","FORT ROSS","2402051","2021-10-14","2021","10","14","","-0.7","","-6.2","","-3.4","","21.4","","0.0","","","","","","0.0","","21","","","","",""
"-94.20","72.02","FORT ROSS","2402051","2021-10-15","2021","10","15","","","M","","M","","M","","M","","M","","","","","","M","21","","","M","","M"
"-94.20","72.02","FORT ROSS","2402051","2021-10-16","2021","10","16","","-0.8","","-2.1","","-1.4","","19.4","","0.0","","","","","","0.6","","21","","10","","35",""
"-94.20","72.02","FORT ROSS","2402051","2021-10-17","2021","10","17","","-0.6","","-1.7","","-1.2","","19.2","","0.0","","","","","","7.4","","21","","10","","43",""
"-94.20","72.02","FORT ROSS","2402051","2021-10-18","2021","10","18","","-0.7","","-5.3","","-3.0","","21.0","","0.0","","","","","","1.4","","37","","13","","32",""
"-94.20","72.02","FORT ROSS","2402051","2021-10-19","2021","10","19","","","M","","M","","M","","M","","M","","","","","","M","35","","","M","","M"
"-94.20","72.02","FORT ROSS","2402051","2021-10-20","2021","10","20","","-2.3","","-5.1","","-3.7","","21.7","","0.0","","","","","","0.0","","37","","24","","41",""
"-94.20","72.02","FORT ROSS","2402051","2021-10-21","2021","10","21","","","M","","M","","M","","M","","M","","","","","","M","37","","","M","","M"
"-94.20","72.02","FORT ROSS","2402051","2021-10-22","2021","10","22","","-0.9","","-3.1","","-2.0","","20.0","","0.0","","","","","","0.0","","37","","25","","46",""
"-94.20","72.02","FORT ROSS","2402051","2021-10-23","2021","10","23","","-1.3","","-2.6","","-1.9","","19.9","","0.0","","","","","","0.4","","38","","11","","31",""
"-94.20","72.02","FORT ROSS","2402051","2021-10-24","2021","10","24","","0.0","","-6.3","","-3.2","","21.2","","0.0","","","","","","0.2","","38","","24","","36",""
"-94.20","72.02","FORT ROSS","2402051","2021-10-25","2021","10","25","","1.0","","-1.3","","-0.2","","18.2","","0.0","","","","","","0.2","","39","","24","","51",""
"-94.20","72.02","FORT ROSS","2402051","2021-10-26","2021","10","26","","2.2","","","M","","M","","M","","M","","","","","0.0","","39","","14","","43",""
"-94.20","72.02","FORT ROSS","2402051","2021-10-27","2021","10","27","","-0.1","","","M","","M","","M","","M","","","","","0.2","","38","","2","","39",""
"-94.20","72.02","FORT ROSS","2402051","2021-10-28","2021","10","28","","-0.5","","-7.0","","-3.8","","21.8","","0.0","","","","","","0.0","","34","","2","","44",""
"-94.20","72.02","FORT ROSS","2402051","2021-10-29","2021","10","29","","-1.3","","-7.9","","-4.6","","22.6","","0.0","","","","","","0.0","","33","","36","","55",""
"-94.20","72.02","FORT ROSS","2402051","2021-10-30","2021","10","30","","-5.3","","-9.0","","-7.2","","25.2","","0.0","","","","","","0.0","","33","","32","","59",""
"-94.20","72.02","FORT ROSS","2402051","2021-10-31","2021","10","31","","-7.3","","-14.5","","-10.9","","28.9","","0.0","","","","","","0.0","","33","","27","","64",""
"-94.20","72.02","FORT ROSS","2402051","2021-11-01","2021","11","01","","-10.7","","-15.1","","-12.9","","30.9","","0.0","","","","","","0.2","","38","","27","","51",""
"-94.20","72.02","FORT ROSS","2402051","2021-11-02","2021","11","02","","-11.1","","-16.4","","-13.7","","31.7","","0.0","","","","","","0.0","","36","","25","","38",""
"-94.20","72.02","FORT ROSS","2402051","2021-11-03","2021","11","03","","","M","","M","","M","","M","","M","","","","","0.0","","35","","25","","31",""
"-94.20","72.02","FORT ROSS","2402051","2021-11-04","2021","11","04","","-10.8","","-16.8","","-13.8","","31.8","","0.0","","","","","","0.2","","36","","","","",""
"-94.20","72.02","FORT ROSS","2402051","2021-11-05","2021","11","05","","-7.9","","-11.6","","-9.8","","27.8","","0.0","","","","","","0.2","","36","","12","","36",""
"-94.20","72.02","FORT ROSS","2402051","2021-11-06","2021","11","06","","-6.6","","-8.6","","-7.6","","25.6","","0.0","","","","","","0.0","","37","","9","","46",""
"-94.20","72.02","FORT ROSS","2402051","2021-11-07","2021","11","07","","-6.4","","-8.7","","-7.5","","25.5","","0.0","","","","","","0.2","","37","","8","","45",""
"-94.20","72.02","FORT ROSS","2402051","2021-11-08","2021","11","08","","-7.3","","-18.3","","-12.8","","30.8","","0.0","","","","","","0.0","","36","","35","","46",""
"-94.20","72.02","FORT ROSS","2402051","2021-11-09","2021","11","09","","","M","","M","","M","","M","","M","","","","","","M","36","","","M","","M"
"-94.20","72.02","FORT ROSS","2402051","2021-11-10","2021","11","10","","","M","","M","","M","","M","","M","","","","","","M","36","","","M","","M"
"-94.20","72.02","FORT ROSS","2402051","2021-11-11","2021","11","11","","-15.1","","-20.0","","-17.5","","35.5","","0.0","","","","","","0.2","","36","","27","","36",""
"-94.20","72.02","FORT ROSS","2402051","2021-11-12","2021","11","12","","-12.4","","-22.0","","-17.2","","35.2","","0.0","","","","","","0.6","","36","","","","",""
"-94.20","72.02","FORT ROSS","2402051","2021-11-13","2021","11","13","","-9.3","","-13.3","","-11.3","","29.3","","0.0","","","","","","0.0","","36","","","","",""
"-94.20","72.02","FORT ROSS","2402051","2021-11-14","2021","11","14","","","M","","M","","M","","M","","M","","","","","","M","36","","","M","","M"
"-94.20","72.02","FORT ROSS","2402051","2021-11-15","2021","11","15","","-9.1","","-14.3","","-11.7","","29.7","","0.0","","","","","","0.4","","35","","","","",""
"-94.20","72.02","FORT ROSS","2402051","2021-11-16","2021","11","16","","-10.6","","-17.0","","-13.8","","31.8","","0.0","","","","","","0.0","","42","","35","","39",""
"-94.20","72.02","FORT ROSS","2402051","2021-11-17","2021","11","17","","-13.7","","-21.9","","-17.8","","35.8","","0.0","","","","","","0.0","","40","","29","","45",""
"-94.20","72.02","FORT ROSS","2402051","2021-11-18","2021","11","18","","-19.4","","-22.9","","-21.1","","39.1","","0.0","","","","","","0.0","","37","","26","","37",""
"-94.20","72.02","FORT ROSS","2402051","2021-11-19","2021","11","19","","-15.6","","-20.9","","-18.3","","36.3","","0.0","","","","","","1.1","","42","","15","","50",""
"-94.20","72.02","FORT ROSS","2402051","2021-11-20","2021","11","20","","-15.6","","-24.4","","-20.0","","38.0","","0.0","","","","","","0.2","","36","","","","",""
"-94.20","72.02","FORT ROSS","2402051","2021-11-21","2021","11","21","","-20.9","","-27.7","","-24.3","","42.3","","0.0","","","","","","0.7","","35","","","","",""
"-94.20","72.02","FORT ROSS","2402051","2021-11-22","2021","11","22","","","M","","M","","M","","M","","M","","","","","","M","37","","","M","","M"
"-94.20","72.02","FORT ROSS","2402051","2021-11-23","2021","11","23","","-13.2","","-20.4","","-16.8","","34.8","","0.0","","","","","","0.0","","36","","35","","63",""
"-94.20","72.02","FORT ROSS","2402051","2021-11-24","2021","11","24","","-12.4","","-21.9","","-17.2","","35.2","","0.0","","","","","","0.0","","36","","35","","64",""
"-94.20","72.02","FORT ROSS","2402051","2021-11-25","2021","11","25","","","M","","M","","M","","M","","M","","","","","","M","36","","","M","","M"
"-94.20","72.02","FORT ROSS","2402051","2021-11-26","2021","11","26","","-18.2","","-27.1","","-22.7","","40.7","","0.0","","","","","","0.3","","36","","35","","39",""
"-94.20","72.02","FORT ROSS","2402051","2021-11-27","2021","11","27","","","M","","M","","M","","M","","M","","","","","","M","36","","","M","","M"
"-94.20","72.02","FORT ROSS","2402051","2021-11-28","2021","11","28","","-19.4","","-21.8","","-20.6","","38.6","","0.0","","","","","","0.0","","36","","","","",""
"-94.20","72.02","FORT ROSS","2402051","2021-11-29","2021","11","29","","-19.1","","-24.4","","-21.7","","39.7","","0.0","","","","","","0.2","","35","","","","",""
"-94.20","72.02","FORT ROSS","2402051","2021-11-30","2021","11","30","","-18.7","","-24.2","","-21.4","","39.4","","0.0","","","","","","1.0","","35","","","","",""
"-94.20","72.02","FORT ROSS","2402051","2021-12-01","2021","12","01","","-17.0","","-22.0","","-19.5","","37.5","","0.0","","","","","","0.0","","36","","1","","37",""
"-94.20","72.02","FORT ROSS","2402051","2021-12-02","2021","12","02","","-15.4","","-27.5","","-21.4","","39.4","","0.0","","","","","","0.0","","36","","26","","75",""
"-94.20","72.02","FORT ROSS","2402051","2021-12-03","2021","12","03","","-25.0","","-29.4","","-27.2","","45.2","","0.0","","","","","","0.0","","36","","29","","76",""
"-94.20","72.02","FORT ROSS","2402051","2021-12-04","2021","12","04","","-17.3","","-27.3","","-22.3","","40.3","","0.0","","","","","","0.5","","36","","27","","61",""
"-94.20","72.02","FORT ROSS","2402051","2021-12-05","2021","12","05","","-15.5","","-25.0","","-20.2","","38.2","","0.0","","","","","","0.0","","36","","27","","65",""
"-94.20","72.02","FORT ROSS","2402051","2021-12-06","2021","12","06","","","M","","M","","M","","M","","M","","","","","","M","36","","","M","","M"
"-94.20","72.02","FORT ROSS","2402051","2021-12-07","2021","12","07","","-14.3","","-22.9","","-18.6","","36.6","","0.0","","","","","","0.0","","36","","25","","49",""
"-94.20","72.02","FORT ROSS","2402051","2021-12-08","2021","12","08","","-20.5","","-24.2","","-22.4","","40.4","","0.0","","","","","","0.5","","36","","","","",""
"-94.20","72.02","FORT ROSS","2402051","2021-12-09","2021","12","09","","-17.5","","-22.6","","-20.1","","38.1","","0.0","","","","","","0.7","","36","","","","",""
"-94.20","72.02","FORT ROSS","2402051","2021-12-10","2021","12","10","","-17.2","","-19.3","","-18.3","","36.3","","0.0","","","","","","0.0","","36","","","","",""
"-94.20","72.02","FORT ROSS","2402051","2021-12-11","2021","12","11","","-18.7","","-21.9","","-20.3","","38.3","","0.0","","","","","","0.6","","36","","","","",""
"-94.20","72.02","FORT ROSS","2402051","2021-12-12","2021","12","12","","-16.1","","-22.2","","-19.1","","37.1","","0.0","","","","","","0.4","","36","","","","",""
"-94.20","72.02","FORT ROSS","2402051","2021-12-13","2021","12","13","","-15.4","","-22.9","","-19.1","","37.1","","0.0","","","","","","0.0","","37","","29","","71",""
"-94.20","72.02","FORT ROSS","2402051","2021-12-14","2021","12","14","","-19.5","","-24.6","","-22.1","","40.1","","0.0","","","","","","0.0","","36","","28","","72",""
"-94.20","72.02","FORT ROSS","2402051","2021-12-15","2021","12","15","","-22.6","","-28.2","","-25.4","","43.4","","0.0","","","","","","0.0","","36","","26","","75",""
"-94.20","72.02","FORT ROSS","2402051","2021-12-16","2021","12","16","","-23.3","","-28.5","","-25.9","","43.9","","0.0","","","","","","0.0","","36","","29","","63",""
"-94.20","72.02","FORT ROSS","2402051","2021-12-17","2021","12","17","","-23.5","","-29.3","","-26.4","","44.4","","0.0","","","","","","0.0","","36","","26","","51",""
"-94.20","72.02","FORT ROSS","2402051","2021-12-18","2021","12","18","","","M","","M","","M","","M","","M","","","","","","M","36","","","M","","M"
"-94.20","72.02","FORT ROSS","2402051","2021-12-19","2021","12","19","","-9.3","","-26.0","","-17.7","","35.7","","0.0","","","","","","0.0","","36","","5","","56",""
"-94.20","72.02","FORT ROSS","2402051","2021-12-20","2021","12","20","","-14.5","","-25.8","","-20.2","","38.2","","0.0","","","","","","0.2","","36","","7","","46",""
"-94.20","72.02","FORT ROSS","2402051","2021-12-21","2021","12","21","","-25.8","","-31.3","","-28.5","","46.5","","0.0","","","","","","0.2","","37","","13","","40",""
"-94.20","72.02","FORT ROSS","2402051","2021-12-22","2021","12","22","","-18.1","","-31.3","","-24.7","","42.7","","0.0","","","","","","0.8","","36","","26","","42",""
"-94.20","72.02","FORT ROSS","2402051","2021-12-23","2021","12","23","","-18.6","","-27.2","","-22.9","","40.9","","0.0","","","","","","0.0","","36","","26","","53",""
"-94.20","72.02","FORT ROSS","2402051","2021-12-24","2021","12","24","","-25.2","","-32.7","","-28.9","","46.9","","0.0","","","","","","0.2","","42","","","","",""
"-94.20","72.02","FORT ROSS","2402051","2021-12-25","2021","12","25","","","M","","M","","M","","M","","M","","","","","","M","41","","","M","","M"
"-94.20","72.02","FORT ROSS","2402051","2021-12-26","2021","12","26","","-23.1","","-30.5","","-26.8","","44.8","","0.0","","","","","","0.0","","41","","1","","36",""
"-94.20","72.02","FORT ROSS","2402051","2021-12-27","2021","12","27","","-23.4","","-26.1","","-24.7","","42.7","","0.0","","","","","","0.0","","42","","1","","39",""
"-94.20","72.02","FORT ROSS","2402051","2021-12-28","2021","12","28","","-21.5","","-25.6","","-23.5","","41.5","","0.0","","","","","","0.0","","41","","23","","45",""
"-94.20","72.02","FORT ROSS","2402051","2021-12-29","2021","12","29","","-19.6","","-26.6","","-23.1","","41.1","","0.0","","","","","","0.7","","41","","","","",""
"-94.20","72.02","FORT ROSS","2402051","2021-12-30","2021","12","30","","","M","","M","","M","","M","","M","","","","","","M","41","","","M","","M"
"-94.20","72.02","FORT ROSS","2402051","2021-12-31","2021","12","31","","-20.5","","-23.7","","-22.1","","40.1","","0.0","","","","","","0.0","","41","","36","","33",""
